fund,vintage_year,capital_committed,cash_in,cash_out,cash_out_and_remaining_value,net_irr,investment_multiple
"2024 Golden Bay, L.P.",2025,100000000,24096354,0,25360415,N/M,N/M
"2SP I, L.P.",2024,600000000,294306839,0,431905329,N/M,N/M
"57 Stars Global Opportunities Fund 2 (CalPERS), LLC",2009,500000000,530736052,539723168,735901763,5.3%,1.4x
"57 Stars Global Opportunities Fund, LLC",2007,390500000,415069889,559657488,570098778,5.8%,1.4x
"AACP AP Investors, L.P.",2007,14108080,15007205,16976917,16976917,2.0%,1.1x
AACP China Growth Investors,2007,50000000,52082929,83523328,83523328,7.8%,1.6x
AACP India Investors B,2007,5000000,5317745,21124531,21124531,12.8%,4.0x
AACP India Investors C,2009,5000000,5320648,4703782,4703782,-1.6%,0.9x
AACP India Venture Investors A,2007,5000000,5225777,5866067,5866067,1.9%,1.1x
"Accel-KKR Capital Partners VII, LP",2025,180000000,32853295,0,23033086,N/M,N/M
"Acrew Capital Fund III, L.P.",2024,70000000,28405496,0,25620560,N/M,N/M
"Acrew Diversify Capital Fund II, L.P.",2024,50000000,16579252,0,14751403,N/M,N/M
Advent Global Technology II Limited Partnership,2022,150000000,103149864,0,135849857,11.5%,1.3x
Advent International GPE IX Limited Partnership,2019,550000000,525249416,197484061,839585229,12.3%,1.6x
"Advent International GPE V-D, L.P.",2005,81101126,77609736,187471024,187471024,42.7%,2.4x
"Advent International GPE VI-A, L.P.",2008,500000000,502306204,1006375016,1041834165,16.3%,2.1x
"Advent International GPE VII-C, L.P.",2012,450000000,432732784,750635967,781174401,13.1%,1.8x
Advent International GPE VIII-B Limited Partnership,2016,500000000,500000000,747343529,1049510646,15.4%,2.1x
Advent International GPE X Limited Partnership,2022,650000000,406307622,6902342,545115832,16.6%,1.3x
"AlpInvest Secondaries Fund (onshore) VII, L.P.",2021,373893702,369919723,503684119,503684119,15.1%,1.4x
Amberbrook IX LP,2023,150000000,110477292,10898710,171729006,41.0%,1.6x
"American Industrial Partners Capital Fund VIII, L.P.",2024,200000000,115307122,9151143,145442081,N/M,N/M
"AMZL, LP",2023,600000000,370456661,5564774,348901172,-4.7%,0.9x
"Apollo European Principal Finance Fund, L.P.",2008,82949474,165281284,200770615,200867499,11.9%,1.2x
"Apollo Investment Fund IV, L.P.",1998,150000000,154085315,254289011,254306962,8.5%,1.7x
"Apollo Investment Fund IX, L.P",2019,550000000,570508294,353741604,860936511,14.6%,1.5x
"Apollo Investment Fund VI, L.P.",2006,520000000,866357105,1218417644,1227266492,8.2%,1.4x
"Apollo Investment Fund VIII, L.P.",2013,350000000,505117339,646429435,721051747,8.7%,1.4x
"Apollo Investment Fund X, L.P.",2023,225000000,103909711,26496564,132946303,19.3%,1.3x
"Apollo S3 Equity & Hybrid Solutions Fund, L.P.",2025,175000000,61582659,0,77813195,N/M,N/M
"Apollo Special Opportunities Managed Account, L.P.",2007,800000000,800000000,1098196169,1098196169,3.8%,1.4x
"ArcLight Energy Partners Fund III, L.P.",2006,200000000,212312180,314980433,314980433,8.6%,1.5x
"ArcLight Energy Partners Fund IV, L.P.",2007,250000000,255794752,388365992,388847672,12.6%,1.5x
"Ares Corporate Opportunities Fund III, L.P.",2008,400000000,512078628,1059418691,1060684631,20.2%,2.1x
"Ares Corporate Opportunities Fund V, L.P.",2017,425000000,478380134,271818351,590534630,4.6%,1.2x
"Ares Corporate Opportunities Fund VI, L.P.",2021,250000000,325820130,139565052,469401282,16.0%,1.4x
"Arlington Capital Partners VI, L.P.",2023,300000000,230959260,10210739,310847262,19.0%,1.3x
Arsenal Capital Partners Growth LP,2022,50000000,22094120,928742,13129615,-20.7%,0.6x
Arsenal Capital Partners VI LP,2022,150000000,99537656,5092435,92306250,-4.0%,0.9x
ASF VIII B L.P.,2020,300000000,240738498,117053885,335625437,12.0%,1.4x
Asia Alternatives Capital Partners II LP,2008,48933451,50472258,124570281,126258967,16.7%,2.5x
"Asia Alternatives Capital Partners, LP",2007,50000000,53499274,95498440,95676226,11.0%,1.8x
"B Capital Ascent Fund III, L.P.",2024,122473076,35270123,63552,57709285,N/M,N/M
"B Capital Global Growth III, L.P.",2023,67500000,62309216,2446753,74764744,12.7%,1.2x
"B Capital Global Growth IV, L.P.",2025,350000000,32536574,0,38597934,N/M,N/M
"B Capital Healthcare II, L.P.",2025,30288462,1400350,0,741636,N/M,N/M
"B Capital MESA Venture Fund I, L.P.",2025,35559626,3524500,0,2031531,N/M,N/M
"B Capital Opportunities Fund II, L.P.",2024,240000000,60580269,0,75389977,N/M,N/M
"Bain Capital Asia Fund V, L.P.",2023,300000000,134790237,17682253,180615637,30.7%,1.3x
"Bain Capital Europe Fund VI, SCSp",2023,170817675,69080945,0,98126506,33.1%,1.4x
"Bain Capital Insurance Fund, L.P.",2023,125000000,96179365,9091771,111731604,16.6%,1.2x
"Bain Capital Life Sciences Fund IV, L.P.",2024,100000000,16904509,1904509,21781101,N/M,N/M
"Bain Capital Tech Opportunities Fund II, L.P.",2023,150000000,112239351,29325959,157775671,23.0%,1.4x
"Bain Capital Venture Coinvestment Fund IV, L.P.",2023,150000000,114000000,0,137176973,22.1%,1.2x
"Bain Capital Venture Fund 2022, L.P.",2023,150000000,98635572,0,144099328,29.9%,1.5x
"Balderton Capital Growth II, S.L.P.",2024,63000000,30508333,0,37810212,N/M,N/M
"Balderton Capital IX, S.L.P.",2024,56000000,20094104,0,25435894,N/M,N/M
Baring Vostok Private Equity Fund IV L.P. / Supplemental,2007,77775000,91865849,99394006,100166907,1.6%,1.1x
"Base10 Partners III, L.P.",2022,50000000,43251592,0,45287143,2.7%,1.0x
"Base10 Series B I, L.P.",2023,50000000,37800000,422373,36972167,-1.7%,1.0x
"Bay State Partners, L.P.",2022,331743971,316648491,28892392,388757967,16.0%,1.2x
"BC CLP INVESTORS, L.P.",2023,2000000000,1210965876,126887923,1474267370,15.6%,1.2x
BDC III C LP,2017,131614496,120201932,347541009,449038624,38.4%,3.7x
BDC IV D LP,2021,203696565,191665417,1266588,220946194,6.3%,1.2x
BDC V C LP,2025,107833186,18776036,0,15411842,N/M,N/M
BE VI 'H' L.P.,2019,393218175,376217628,308205942,702517784,16.4%,1.9x
"Bear Coast (CV) Fund, LP",2023,400000000,356000000,0,465551651,20.0%,1.3x
"Bear Coast (Ventures) Fund, LP",2023,1950000000,1951377082,0,2556189248,43.2%,1.3x
"Bear Coast Partnerships, L.P.",2025,150000000,28331325,0,31383193,N/M,N/M
"Bear Technology Fund, L.P.",2021,100000000,95495070,0,91262844,-1.3%,1.0x
"Berkshire Fund X, L.P.",2021,305107189,434232627,187697584,514929455,9.5%,1.2x
"Berkshire Fund XI, L.P.",2025,300000000,27678209,0,27288652,N/M,N/M
Bessemer Venture Partners XII Institutional L.P.,2024,115000000,51711807,0,62317326,N/M,N/M
Biogeneration Capital Fund V Cooperatief U.A.,2023,22864637,6306732,0,7698584,13.9%,1.2x
"Birch Hill Equity Partners (US) III, LP",2005,126411444,142696482,271382079,271382079,12.1%,1.9x
"Birch Hill Equity Partners (US) IV, LP",2011,136738592,132058486,354029530,358870698,15.7%,2.7x
BjorkTree AB,2024,201157163,175040096,0,192869290,N/M,N/M
Blackstone Capital Partners IX L.P.,2025,200000000,13475471,0,17054192,N/M,N/M
Blackstone Capital Partners V L.P.,2006,38400000,794822847,1222737110,1222737110,7.8%,1.5x
Blackstone Capital Partners VI L.P.,2011,187500000,544134719,939397223,972905678,12.3%,N/M
"Blackstone Capital Partners VII, L.P.",2016,375000000,540079817,673607257,964319355,15.1%,1.8x
"Blackstone Capital Partners VIII, L.P.",2021,262500000,451085178,301373094,577051394,13.8%,1.3x
Blackstone Communications Partners I L.P.,2000,100000000,111242017,136100546,136100546,6.5%,1.2x
"Blackstone Core Equity Partners II, L.P.",2021,1000000000,452202883,83805427,716485451,16.3%,1.6x
Blackstone Tactical Opportunities Fund - C L.P.,2012,800000000,994544931,1330108332,1341419321,9.3%,1.3x
Blackstone Tactical Opportunities Fund II - C L.P.,2015,500000000,498702643,660384125,736337325,12.2%,1.5x
Blackstone Tactical Opportunities Fund III-C (Surge) L.P.,2019,500000000,511697778,369105510,841389238,16.1%,1.6x
Blackstone Tactical Opportunities Fund III-C L.P.,2018,175000000,362388008,356533978,480813725,11.4%,1.3x
"Blackwell Capital Partners II, L.P.",2025,835000000,88800000,0,83791107,N/M,N/M
"Blackwell Capital Partners, LP",2023,1753534623,1432396051,13475004,1769451338,24.3%,1.2x
"BOND III, LP",2022,75000000,55687500,0,75774172,26.9%,1.4x
Bridgepoint Europe III 'C' L.P.,2015,28147897,16760648,18955256,19997980,4.2%,1.2x
Bridgepoint Europe III 'D' LP,2005,194510102,191932333,228563948,234770193,2.4%,1.2x
Bridgepoint Europe IV 'B' L.P.,2015,89899121,67960669,85943129,94172563,11.7%,1.4x
Bridgepoint Europe IV 'D' LP,2008,389540300,391605384,572782445,604052636,9.2%,1.5x
Bridgepoint Europe VII D LP,2024,101165694,76046081,0,92763833,N/M,N/M
"BRV Lotus Fund III, L.P.",2022,100000000,109274445,19673015,127959099,5.3%,1.2x
"Butterfly II, LP",2022,125000000,114139911,47434413,156336827,17.4%,1.4x
BVP Forge Institutional L.P.,2023,35000000,31574628,0,38600865,15.5%,1.2x
CA Co-Investment Limited Partnership,2022,1950000000,1065290641,1469515,1556422390,21.6%,1.5x
"CA1 SPV, L.P.",2023,1200000000,964448367,76150409,1257383042,19.8%,1.3x
"Calah Opportunities, L.P.",2025,700000000,331870324,0,331720739,N/M,N/M
"California Asia Investors, L.P.",2008,150000000,150054535,627891856,632987072,26.5%,4.2x
"California Community Venture Fund, LLC",2003,100000000,100067655,88478382,90919889,-1.6%,0.9x
"California Emerging Ventures IV, LLC",2006,463196766,489274839,873695003,909109900,11.7%,1.9x
"California Partners, L.P.",2020,850000000,602164364,32541932,898682099,14.9%,1.5x
"CalPERS Clean Energy & Technology Fund, LLC",2007,465000000,468423814,132249749,137854835,-18.4%,0.3x
"CalPERS Corporate Partners, LLC",2001,500000000,533507990,831997162,831997403,9.3%,1.6x
"CalPERS Wellspring V, L.P.",2011,24975000,27381262,49933785,52935856,21.1%,1.9x
Canaan Gold Coast L.P.,2023,235000000,134975000,113244644,244548531,66.8%,1.8x
Canaan XIII Healthcare Fund L.P.,2024,37083465,5377102,0,4191248,N/M,N/M
Canaan XIII L.P.,2024,205000000,55760000,200000,51541603,N/M,N/M
Cap Co-Invest LP,2025,100000000,12970000,0,17343218,N/M,N/M
"Capital Link Fund I, LLC",2007,502300000,600793839,868626449,904562278,7.6%,1.5x
"Capital Link Fund II, LLC",2008,435600000,473987944,788009354,795785437,11.8%,1.7x
CapVest Equity Partners V SCSp,2023,345650893,74749074,0,123115246,35.4%,1.6x
"Carlyle Asia Growth Partners III, L.P.",2005,75000000,84766869,78177512,78177512,-1.4%,0.9x
"Carlyle Asia Partners III, L.P.",2008,150000000,371700862,584513151,584513151,12.0%,1.6x
"Carlyle Asia Partners V, L.P.",2018,125000000,222315337,189237592,299665824,15.2%,1.3x
"Carlyle Europe Partners II, L.P.",2003,42165844,93171554,149071227,149077786,19.7%,1.6x
"Carlyle Europe Partners III, L.P.",2007,241278605,460698733,742254678,743123667,11.1%,1.6x
"Carlyle Europe Partners V, S.C.Sp.",2019,163968999,289031030,208652745,314026329,3.6%,1.1x
"Carlyle Partners V, L.P.",2007,800000000,1067512609,1725940265,1741960390,12.8%,1.6x
"Carlyle Partners VI, L.P.",2013,300850000,597079518,1147613966,1182623638,15.8%,N/M
"Carlyle Partners VII, L.P.",2018,300000000,607268065,583265368,909020333,12.9%,1.5x
"Carlyle Partners VIII, L.P.",2022,177206640,252901374,166704638,308475473,12.8%,1.2x
"Carlyle Strategic Partners IV, L.P.",2016,150000000,219267579,138226783,253736544,5.3%,1.2x
"Carmel Co-Investment, L.P.",2025,100000000,43537908,0,43812432,N/M,N/M
Cedar Street Partners LP,2021,1000000000,485945027,39847411,926463905,34.9%,1.9x
"Centerbridge Capital Partners III, L.P.",2015,150000000,208523407,243367396,320019677,12.6%,1.5x
"Cerberus CAL II Partners, L.P.",2017,500000000,423762376,925885856,1222160671,22.7%,2.9x
"Cerberus CAL III Partners, L.P.",2019,500000000,508679533,42879804,395147318,-6.3%,0.8x
"Cerberus CAL IV Partners, L.P.",2025,50000000,17821782,0,17792950,N/M,N/M
"Cerberus CAL Strategic Partners, L.P.",2025,60000000,12833903,0,12754643,N/M,N/M
Cerberus CP Partners LP,2013,570297030,674624184,1135732926,1478902269,16.0%,2.2x
"Cerberus Institutional Partners V, L.P.",2012,400000000,479300095,777465161,900162771,13.3%,1.9x
"Cerberus Supply Chain Fund, L.P.",2023,200000000,72373834,767125,170545470,89.3%,2.4x
"Cerberus Ventures One, L.P.",2025,50000000,15583757,0,23042394,N/M,N/M
CF24XB SCSp,2025,36188294,35469013,0,39487743,N/M,N/M
"China Privatization Fund (Del), L.P.",2006,100000000,69317995,133415962,133415962,13.7%,1.9x
"ChrysCapital X, LLC",2025,180000000,1800000,0,80359,N/M,N/M
"Clayton, Dubilier & Rice Fund X, L.P.",2018,150000000,161652863,254327479,379394708,29.3%,2.3x
"Clayton, Dubilier & Rice Fund XII, L.P.",2024,500000000,212878562,47909261,308237179,N/M,N/M
"Clearlake Capital Partners III, LP",2012,50000000,70740191,202436054,203683073,40.7%,2.9x
"Clearlake Capital Partners IV, L.P.",2015,56700000,89141513,148332960,174024805,26.6%,2.0x
"Clearlake Capital Partners V, L.P.",2018,75000000,114879617,160542738,217223612,31.0%,1.9x
"Clearlake Capital Partners VII, L.P.",2022,350000000,251073169,941316,278237680,3.7%,1.1x
"Clearlake Capital Partners VIII, L.P.",2025,200000000,14450319,0,8874575,N/M,N/M
"Clearlake Opportunities Partners (P), L.P.",2015,56700000,84739312,64168643,114127799,8.0%,1.3x
"Clearwater Capital Partners Fund III, L.P.",2006,150000000,150000000,157031855,163435806,1.3%,1.1x
"Coalesce Capital Fund I, L.P.",2024,150000000,54736543,2136041,56049191,N/M,N/M
"Coastal Pacific Partners, L.P.",2023,343749880,258977742,4325635,283547232,15.7%,1.1x
"Cobalt Investment Fund, L.P.",2024,100000000,278860,0,278860,N/M,N/M
"Coe""cient Capital Apex Fund I, LP",2023,83726563,36409416,9187466,36822669,0.8%,1.0x
"Coe""cient Capital Fund II, LP",2024,93340625,12754431,0,11346912,N/M,N/M
Corps of Discovery LP,2025,200000000,112605985,0,112228590,N/M,N/M
"Crosspoint Capital Fund II, LP",2023,300000000,193378164,416541,210541040,3.5%,1.1x
"Crosspoint Capital ISB Fund I, LP",2025,295000000,11910743,4796756,4796756,N/M,N/M
"Crosspoint Capital Ventures Fund I, LP",2025,500000000,15538326,0,3095152,N/M,N/M
CV Consortio Fund L.P.,2023,1250000000,881412016,1105668,3004326583,96.5%,3.4x
CVC Capital Partners Asia V L.P.,2020,200000000,194906489,64242374,290036999,13.5%,1.5x
CVC Capital Partners Asia VI (A) L.P.,2024,300000000,93115653,9500740,100122644,N/M,N/M
CVC Capital Partners IX (A) L.P.,2024,541998241,151280166,203281,173744695,N/M,N/M
CVC Capital Partners Strategic Opportunities Compounding Capital L.P.,2017,997280175,1072107469,645401147,2117246399,12.0%,2.0x
"CVC Capital Partners VI, L.P.",2014,567028924,691783406,1048676103,1382606948,15.4%,2.0x
CVC Capital Partners VII (A) L.P.,2018,440216128,590296096,750571817,1240311392,19.8%,2.1x
CVC Capital Partners VIII (A) L.P.,2021,86124666,766911601,706571900,882835475,6.0%,1.2x
CVC European Equity Partners III LP,2001,200000000,234497567,606506120,612010440,41.0%,2.6x
CVC European Equity Partners IV (D) L.P.,2005,325919816,406865452,726781649,727537220,17.2%,1.8x
CVC European Equity Partners V (B) L.P.,2008,561915687,710667384,1290077106,1303901254,16.4%,1.8x
DS Opportunities (C) LP,2021,509371626,285082392,25544411,545362382,30.2%,1.9x
"EII-C SPV, LP",2024,122400000,92643109,0,105851716,N/M,N/M
"EMAlternatives Investments, L.P.",2007,100000000,117646315,129268534,136474701,2.9%,1.2x
"Ember Infrastructure Fund II-B, LP",2024,100000000,24782839,1766778,26586142,N/M,N/M
EQT Healthcare Growth (No.2) SCSp,2025,117144129,24163485,164091,18395384,N/M,N/M
EQT IX (No.2) USD SCSp,2021,613824048,833800998,413855836,1118596372,9.1%,1.3x
EQT X (No.2) USD SCSp,2022,500000000,240354685,12123397,264845809,8.0%,1.1x
"Equip Opportunities Fund, L.P.",2023,200000000,152137950,0,159466562,6.2%,1.0x
Essential Innovation Partners (Opportunities) LP,2025,100000000,15232091,0,14914684,N/M,N/M
Essential Innovation Partners LP,2025,100000000,18655159,11234,22161593,N/M,N/M
"First Reserve Fund XIII, LP",2014,400000000,480722218,301233252,425341662,-2.9%,0.9x
Forbion BioEconomy Fund I Co?peratief U.A.,2024,40475887,10649732,0,9665332,N/M,N/M
Forbion Growth Opportunities Fund II Cooperatief U.A.,2023,17390713,11304085,12776429,19435688,N/M,N/M
Forbion Growth Opportunities Fund III Co?peratief U.A.,2024,388539488,111088071,19058142,151283007,N/M,N/M
Forbion Ventures Fund VI Cooperatief U.A.,2023,182319668,81462345,30331903,134137321,57.2%,1.6x
Forbion Ventures Fund VII Co?peratief U.A.,2024,275859956,49194228,183920,47824908,N/M,N/M
ForCal I Investment Fund C.V.,2023,450624079,284241082,19415900,404015412,35.6%,1.4x
"Forecastle, L.P.",2020,850000000,810442482,14975521,1228969865,15.9%,1.5x
Fourth Street Partners - CPS L.P.,2021,500000000,450615026,82213565,827497321,17.0%,1.8x
"Francisco Partners Agility II, L.P.",2020,50000000,41800000,38591222,90810082,26.7%,2.2x
"Francisco Partners Agility III, L.P.",2025,100000000,19050000,0,20006411,N/M,N/M
"Francisco Partners II, L.P.",2006,175000000,174005517,287632933,287632933,10.4%,1.7x
"Francisco Partners III, L.P.",2011,100000000,95284663,300844853,328268517,22.9%,3.4x
"Francisco Partners VI, L.P.",2021,208658137,243922250,91037958,359990880,12.6%,1.5x
"Francisco Partners VII, L.P.",2023,450000000,210150000,0,232365243,14.1%,1.1x
"FSP LR, L.P.",2024,10000000,311850,0,0,N/M,N/M
"GA Continuity II (GT) Fund, L.P.",2025,31619538,28631192,0,37895628,N/M,N/M
"Gaia Investments, S.L.P.",2024,200000000,98525000,0,133052599,N/M,N/M
"GB Palisade Partners, L.P.",2025,70000000,55421986,0,55093798,N/M,N/M
"GC Customer Value Fund, L.P.",2023,280494000,246965972,14845193,294679855,14.5%,1.2x
"GCM Grosvenor DEM II, L.P.",2014,250000000,271493094,275442684,470718863,14.2%,1.7x
"GCM Grosvenor DEM III, L.P.",2019,550000000,550671015,300523668,948042880,19.6%,1.7x
"GCM Grosvenor DEM, L.P.",2012,100000000,116841071,133366574,158540114,8.2%,1.4x
"GCM Grosvenor Elevate Fund, L.P.",2023,500000000,65631501,4235857,51427860,-16.9%,0.8x
General Atlantic Managed Account,2020,1050000000,969219895,122654744,1260508704,8.6%,1.3x
"General Catalyst Group XI - Health Assurance, L.P.",2023,200000000,186286867,0,249385197,17.2%,1.3x
"General Catalyst Group XII - Creation, L.P.",2024,200000000,165651645,242490,283891963,N/M,N/M
"General Catalyst Group XII - Endurance, L.P.",2024,293500000,254626531,993089,382506878,N/M,N/M
"General Catalyst Group XII - Health Assurance, L.P.",2024,100000000,73863661,4358,84212180,N/M,N/M
"General Catalyst Group XII - Ignition, L.P.",2024,200000000,146113877,148420,198344101,N/M,N/M
"Generation IM Sustainable Private Equity Fund II (A), ILP",2025,100000000,14520274,35022,15426129,N/M,N/M
"Genstar Capital Partners X, L.P.",2021,100000000,101846215,4169719,116834764,5.0%,N/M
"Genstar Capital Partners XI, L.P.",2023,200000000,28131976,2314438,35613316,28.3%,1.3x
"Genstar X Opportunities Fund I, L.P.",2021,150000000,134468661,7991326,182117343,10.3%,1.4x
"Genstar XI Opportunities Fund I, L.P.",2023,200000000,112094770,2329405,138157490,18.3%,1.2x
GI Data Infrastructure Fund II LP,2024,150000000,59827050,1285458,66175355,N/M,N/M
GIM LTE Hazel L.P.,2024,215000000,203850000,0,295524973,N/M,N/M
"Gold Hills Partners, L.P.",2024,450000000,311723361,44941807,453701010,N/M,N/M
"Gorseway Park PE, L.P.",2024,334620000,303928508,8939383,361634576,N/M,N/M
Grafine Direct Opportunities I LP,2025,11325000,2108392,0,1705073,N/M,N/M
"Grain Communications Opportunity Fund IV-A, L.P.",2023,200000000,62035228,1181403,56659527,-5.7%,0.9x
"Grandval II, L.P.",2019,1050000000,949887367,159053804,1533562203,14.4%,1.6x
"Grandval, L.P.",2018,50000000,49824644,15027711,89934116,14.0%,1.8x
GranTain Co-Invest L.P.,2021,350000000,218889741,19453459,255508445,6.4%,1.2x
"GreatPoint Opportunity Fund I, L.P.",2024,100000000,90092346,0,99229384,N/M,N/M
"Green Equity Investors CF II, L.P.",2021,60537375,60708143,0,101374307,13.6%,1.7x
"Green Equity Investors CF, L.P.",2021,186639450,183055172,114663634,246799447,11.3%,1.3x
"Green Equity Investors IX, L.P.",2023,500000000,312693076,17689549,376599094,16.0%,1.2x
"Green Equity Investors V, L.P.",2007,400000000,445789540,1023767776,1024401890,18.4%,2.3x
"Green Equity Investors VIII, L.P.",2020,119970601,571121596,650890198,784495151,9.0%,1.4x
"Greenbriar Equity Fund VI, L.P.",2023,95000000,56883380,14360,67490714,12.5%,1.2x
"Greenleaf Co-Invest Partners, L.P.",2021,1375000000,782908076,352886207,1344976729,20.6%,1.7x
"Gri""n Gaming Partners III, L.P.",2025,50000000,16500000,0,14357257,N/M,N/M
"GSC I, L.P.",2024,1042559615,399389298,0,453185677,N/M,N/M
GSO Energy Partners-C II LP,2016,250000000,231810386,295525791,302418561,8.2%,1.3x
GSO Energy Partners-C LP,2013,400000000,477367702,406374877,420751847,-3.0%,0.9x
Hanover Opportunities LP,2025,600000000,90533065,0,113765697,N/M,N/M
"Healthcare and Fintech, L.P.",2022,450000000,185751749,0,241170078,16.6%,1.3x
Hedosophia Partners VI L.P.,2024,110000000,54999996,0,77402506,N/M,N/M
Hedosophia Strategic Partners L.P.,2024,14134615,12356231,0,15691399,N/M,N/M
"Hellman & Friedman Capital Partners IX, L.P.",2020,432811370,716880497,469769803,1190631853,12.4%,1.7x
Hellman & Friedman Capital Partners VII,2011,300000000,286896670,946812895,964989729,24.5%,3.4x
"Hellman & Friedman Capital Partners VIII, L.P.",2016,500000000,520466078,426631226,896232720,10.1%,1.7x
"Hellman & Friedman Capital Partners X, L.P.",2021,687608057,983112123,409431392,1193882116,7.1%,1.2x
Hg Genesis 10 A L.P.,2023,143079854,64312835,0,80114931,18.3%,1.2x
Hg Mercury 4 A L.P.,2023,56987017,25288636,8754234,36288071,44.5%,1.4x
Hg Saturn 3 A L.P.,2023,150000000,79144505,0,97647103,10.5%,1.2x
Hg Saturn 4 A L.P.,2025,150000000,375000,0,2703230,N/M,N/M
"Highland Citrus Holdings, L.P.",2025,100000000,5101492,0,5140629,N/M,N/M
"HongShan Capital Expansion Fund I, L.P.",2024,134000000,27470000,0,29866107,N/M,N/M
"HongShan Capital Growth Fund VII, L.P.",2023,104000000,39576149,0,37396452,-4.9%,0.9x
"HongShan Capital Seed Fund III, L.P.",2022,12000000,7204613,0,6857726,-3.2%,1.0x
"HongShan Capital Venture Fund IX, L.P.",2022,32000000,15863674,0,17490906,7.4%,1.1x
"Hornet Co-Invest, L.P.",2024,2000000000,1154265366,0,1457829439,N/M,N/M
"Innovation Opportunities, L.P.",2023,1994451977,1489172618,0,2923829394,74.2%,2.0x
"Insight Partners XI, L.P.",2020,400000000,389200000,37522476,696806194,12.6%,N/M
"Insight Partners XII Buyout Annex Fund, L.P.",2021,150000000,140430208,0,181075286,8.0%,1.3x
"Insight Partners XII, L.P.",2021,600000000,574829570,663047,641279188,3.4%,1.1x
"Insight Partners XIII Growth Buyout Fund, L.P.",2024,100000000,24005478,25474,26955749,N/M,N/M
"Insight Partners XIII, L.P.",2024,300000000,89240027,27042,104125905,N/M,N/M
"Insight Venture Partners Growth-Buyout Coinvestment Fund (B), L.P.",2015,400000000,433400000,1221220535,1507036591,25.5%,3.5x
"Insight Venture Partners IX, L.P.",2015,100000000,105668637,286505985,432489967,23.1%,4.1x
"Insight Venture Partners X, L.P.",2018,250000000,261808718,305885363,738876808,21.3%,2.8x
"Jade Equity Investors II, L.P.",2024,150000000,55295097,2685573,68005166,N/M,N/M
"Jade Equity Investors, L.P.",2020,155000000,161401987,107150180,257817100,18.4%,1.6x
"Jomo Growth Opportunities Fund, L.P.",2025,100000000,33561538,0,33219990,N/M,N/M
"JSC Capital Partners, L.P.",2024,1740626434,1745426069,0,3006531962,N/M,N/M
"K5 Private Investors, L.P.",2021,150000000,119238804,5985446,187142325,16.2%,1.6x
KKR 2006 Fund L.P.,2006,400000000,595407506,940703667,940703667,8.2%,1.6x
KKR Asian Fund II L.P.,2013,350000000,652630675,631425895,677550624,1.1%,1.0x
KKR Asian Fund IV SCSp,2021,300000000,238930742,71779562,351527615,17.0%,1.5x
KKR Asian Fund L.P.,2007,272575591,355648095,601148863,601242587,13.6%,1.7x
"KKR European Fund III, L.P.",2008,311011316,420920818,594012980,594012980,9.5%,1.4x
KKR European Fund V (USD) SCSp,2020,300000000,297128463,136961430,430767117,10.5%,1.4x
KKR North America Fund XIII SCSp,2022,600000000,580827401,12245770,750162067,12.9%,1.3x
"KM Corporate Partners Fund II, LP",2007,200000000,195212804,238176799,242394507,4.2%,1.2x
"KOALA PACIFIC PARTNERSHIP, L.P.",2024,200000000,150425662,0,191765099,N/M,N/M
"Lambtown, L.P.",2025,250000000,50090455,0,57600100,N/M,N/M
"Lightspeed Opportunity Fund II, LP",2022,200000000,198000000,0,400386979,37.1%,2.0x
"Lightspeed Opportunity Fund III, L.P.",2025,225000000,83250000,0,130597601,N/M,N/M
"Lightspeed Venture Partners Select V, L.P.",2022,100000000,94000000,0,147359861,21.5%,1.6x
"Lightspeed Venture Partners Select VI, L.P.",2025,125000000,35625000,0,65813338,N/M,N/M
"Lightspeed Venture Partners XIV-A (Inception), L.P.",2022,45000000,40275000,0,95046745,39.8%,2.4x
"Lightspeed Venture Partners XIV-B (Ignite), L.P.",2022,55000000,48950000,0,101421308,37.0%,2.1x
"Lightspeed Venture Partners XV-A (Inception), L.P.",2025,49500000,12622500,0,11951643,N/M,N/M
"Lightspeed Venture Partners XV-B (Ignite), L.P.",2025,60500000,22082500,0,31566237,N/M,N/M
"Lime Rock Partners IV, LP",2006,43000000,47917078,139501029,139578502,14.6%,2.9x
"Lincoln Plaza Fund, L.P.",2024,2000000000,1556716936,9063510,1719006570,N/M,N/M
"Lindsay Goldberg IV, L.P.",2015,136920941,225007457,391896909,452553492,28.8%,2.0x
"LongRange Capital Fund I, L.P.",2020,1500000000,978538402,322079991,1346819071,14.0%,1.4x
"LS Investments C, L.P.",2024,1500000000,807936627,0,1988529051,N/M,N/M
"Lux Ventures VIII, L.P.",2023,300000000,220500000,7699655,418518206,77.5%,1.9x
Magnolia Opportunities LLC,2023,100000000,41520333,16120000,51021349,37.0%,1.2x
"Mayfield Select III, a Delaware Limited Partnership",2025,24000000,5520000,0,5775501,N/M,N/M
"Mayfield XVII, a Delaware Limited Partnership",2024,21000000,5670000,0,7569836,N/M,N/M
"MBK Partners Fund VI, L.P.",2024,250000000,51081234,176483,91884373,N/M,N/M
"MFC Select III, L.P., a Delaware Limited Partnership",2025,200000000,7052369,0,6932355,N/M,N/M
"Middlefield Road Private Opportunities Fund, L.P.",2021,800000000,231378144,14355102,305315245,10.4%,1.3x
"Moreton Bay SPV, LP",2023,1350000000,1160136987,26349653,1383094092,7.8%,1.2x
"Muir Woods Partners, L.P.",2023,300000000,238064565,6231558,371448745,40.1%,N/M
"Namu Co-invest, L.P.",2025,250000000,300000,0,300000,N/M,N/M
"New Mountain CAS Continuation Fund, L.P.",2021,90723142,91001432,24840552,59883549,-15.4%,0.7x
"New Mountain Partners III, L.P.",2007,400000000,470815270,1054284551,1069892859,14.6%,2.3x
"New Mountain Partners VI, L.P.",2021,280700324,584657757,408762939,787694417,12.1%,1.3x
"New Mountain Partners VII, L.P.",2024,250000000,87626882,69522,106124260,N/M,N/M
"NM Pacific, L.P.",2021,477000000,337376106,3996176,390849888,5.3%,1.2x
"Noosa SPV, LP",2025,50000000,9000360,0,8221363,N/M,N/M
Nordic Bear SCSp,2021,1800000000,1632018411,152981296,2260309002,12.9%,1.4x
"Oak HC/FT Partners V, L.P.",2022,200000000,153144666,28453116,177815191,14.0%,1.2x
"Oaktree Latigo Investment Fund, L.P.",2020,1000000000,480000000,366900000,684886791,10.4%,1.4x
"Oaktree Opportunities Fund VIIIb, L.P.",2011,200000000,200000000,336733866,336844193,8.2%,1.7x
"OHA Black Bear Fund, L.P.",2020,1000000000,260000000,192821782,410325859,11.7%,1.6x
"One Rock Capital Partners IV, LP",2025,125000000,34222418,4754426,37515078,N/M,N/M
"Onex Partners IV, L.P.",2014,260622914,329577280,362935888,442440161,6.1%,1.3x
Onex Partners V-B LP,2018,455585109,491017705,210942181,752979791,10.4%,1.5x
"Orchard Park, L.P.",2023,535350000,447398083,17061433,543856852,9.2%,1.2x
"Otro Capital Fund I-A, LP",2025,100000000,17725760,266885,18829266,N/M,N/M
PAG Asia I LP,2012,100000000,122564884,214124518,221731814,17.2%,1.8x
PAG Asia III LP,2019,380000000,387406788,141372329,526664825,8.5%,1.4x
"Palladium Equity Partners V, L.P.",2018,75000000,79515660,52660844,127819650,12.7%,1.6x
Pantheon Global Secondary Fund VII Feeder (US) LP,2023,200000000,111077530,5000000,148516895,21.9%,1.3x
"Parker Capital Partners, L.P.",2025,300000000,132118751,0,127013404,N/M,N/M
"Patient Square Equity Partners, LP",2023,300000000,289576303,1827337,390337253,16.6%,1.3x
"Patria Brazilian Private Equity Fund V, L.P.",2015,150000000,155136240,47749770,229785960,7.2%,1.5x
Permira Europe III,2004,126989866,126989866,219524851,219589844,26.6%,1.7x
Permira Growth Opportunities I L.P. 1,2019,200000000,208066438,52662033,280620933,8.0%,1.3x
Permira Growth Opportunities II SCSP,2022,155000000,104084392,6433550,114446315,4.2%,1.1x
Permira IV L.P.2,2006,281612475,354598629,512823310,560398597,8.1%,1.6x
"Permira V, L.P.",2014,268621554,277241201,713561438,784747618,20.7%,2.8x
Permira VI L.P. 1,2017,498849694,490282564,572916949,971046977,14.4%,2.0x
Permira VII L.P.1,2020,409818957,614842366,316542347,834434513,7.7%,1.4x
Permira VIII-2 SCSp,2023,726180407,475230363,10226737,602040342,13.3%,1.3x
"Phoenix Bear Partners II, L.P.",2025,1000000000,147504400,0,259154957,N/M,N/M
"Phoenix Bear Partners, L.P.",2023,1975000000,1606248660,61663238,2202739712,19.7%,1.4x
"Pioneer Pier Investments, L.P.",2024,500000000,110251979,1043992,135063960,N/M,N/M
Pophouse Fund (No. 1) SCS,2024,113153289,32449581,3995004,36441782,N/M,N/M
Pophouse Investment Platform SCA SICAV-RAIF ? Pophouse Co- Investment Fund II,2025,38390156,21354817,0,23479900,N/M,N/M
"Project Quail Opportunities, L.P.",2022,1000000000,686976706,16317541,905399143,17.1%,1.3x
"Prysm Capital Fund I, L.P.",2023,100000000,106677616,3572922,146644541,13.2%,1.4x
"Prysm Capital Fund II-C, L.P.",2024,200000000,184832792,1112189,333966353,N/M,N/M
PSG Encore L.P.,2022,100000000,98352580,22384891,108767284,5.3%,1.1x
PSG Europe II L.P.,2023,113740118,70758644,21612421,87249856,31.6%,1.2x
PSG V L.P.,2021,100000000,108480008,18194018,130152987,8.2%,1.2x
PSG VI L.P.,2025,250000000,64210233,6197469,66151011,N/M,N/M
"Q-Street Capital, L.P.",2021,900000000,375937654,0,456985615,7.7%,1.2x
RC CC Fund LP,2024,750000000,541639800,18562680,769577659,N/M,N/M
Red Admiral Fund LP,2023,1200000000,894914753,92133631,1470059910,43.0%,1.6x
"Redwood Lane Capital, L.P.",2022,700000000,671027569,0,943719127,16.6%,1.4x
Redwood Opportunities SCSp,2020,950000000,808833527,25137777,1293222594,16.5%,1.6x
River City Investments PCC,2024,150000000,41147000,0,37750670,N/M,N/M
"Riverstone Global Energy and Power Fund V, L.P.",2012,400000000,530971147,427512115,438928702,-4.2%,0.8x
"Riverstone Global Energy and Power Fund VI, L.P.",2016,500000000,650467885,597604620,665862390,0.6%,1.0x
Rubicon Partners SCSp,2023,1403353710,217164676,0,347834843,24.3%,1.6x
"Sacramento Private Equity Partners, L.P.",2006,537857143,527442144,1010307496,1042934787,11.5%,2.0x
SAIF Partners III L.P.,2007,100000000,126111682,166883729,251816586,7.0%,2.0x
"Samson Partners, L.P.",2020,238801883,172249834,62412667,256316736,8.7%,1.5x
"Set Builders II, LP",2024,70000000,50997322,0,92860668,N/M,N/M
"Shoreline, L.P.",2024,200000000,117046698,0,153342442,N/M,N/M
"Sierra Partners, L.P.",2020,150000000,81986760,21284053,72133341,-5.3%,0.9x
"SignalFire Early Fund IV, L.P.",2025,94044821,30564567,0,28449500,N/M,N/M
"SignalFire Eureka Fund, L.P.",2025,150000000,66511072,0,68920182,N/M,N/M
"SignalFire Sage Fund, L.P.",2023,100000000,90384585,0,118000167,21.2%,1.3x
"SignalFire Seed Fund V, L.P.",2024,94044821,29624118,0,29682104,N/M,N/M
"SignalFire XIR Venture Fund II, L.P.",2024,51818128,20727251,0,18509904,N/M,N/M
"Silver Lake Partners III, L.P.",2007,480000000,612701322,1189354243,1190759127,18.5%,1.9x
"Silver Lake Partners IV, L.P.",2013,320000000,380432197,704573581,1054014142,20.7%,2.8x
"Silver Lake Partners V, L.P.",2018,400000000,410122410,301524102,671004055,11.3%,1.6x
"Silver Lake Partners VI, L.P.",2021,712298543,894936433,253604767,1175962924,9.1%,1.3x
"Silver Lake Partners VII, L.P.",2024,370000000,126976922,163572,179870928,N/M,N/M
"Silver Lake Technology Investors IV, LP",2013,80000000,86918274,202945689,305407694,27.1%,3.5x
"Silver Lake Technology Investors V, L.P.",2018,100000000,94513693,84703129,183833619,14.3%,1.9x
"Siris Partners IV, L.P.",2019,100000000,115792558,39526012,145400251,6.1%,1.3x
"SL SPV-1, L.P.",2017,38675166,84029782,99011503,105052407,3.2%,1.3x
"SL SPV-2, L.P.",2019,28417191,50533364,137854626,199531390,29.4%,3.9x
"SPRINGBLUE A, L.P.",2021,50000000,40625000,0,29955501,-10.4%,0.7x
"Springblue A-V, L.P.",2024,60000000,26250000,0,26719914,N/M,N/M
"SPRINGBLUE B, L.P.",2021,50000000,45750000,0,54967601,5.4%,1.2x
"Springblue B-III, L.P.",2023,40000000,18700000,0,23707763,25.8%,1.3x
"Springblue Co-Investment SPV, LP",2023,120000000,51666050,0,88142422,56.9%,1.7x
"SR One Capital Fund II-A, LP",2023,90000000,74349730,19085572,84228107,7.9%,1.1x
"SR One Capital Fund III, LP",2025,78926910,3266090,0,2610727,N/M,N/M
"SR One Capital Opportunities Fund I, LP",2023,72351563,55703063,218987,63568292,8.7%,1.1x
"Stone Point Fund IX, L.P.",2022,500000000,445151402,66480243,601584726,16.2%,1.4x
"Stone Point Fund VI, L.P.",2014,250000000,271060455,649392920,752275803,21.9%,2.8x
"Stone Point Fund VII, L.P.",2017,377506729,412167136,411103378,846081151,18.4%,2.1x
"Strategic Partners (A), L.P.",2025,300000000,26017048,0,27164453,N/M,N/M
"Summit Partners Growth Equity Fund X-A, L.P.",2020,250000000,249957330,103656914,378751301,12.3%,1.5x
"Summit Partners Growth Equity Fund XI-A, L.P.",2022,400000000,228601530,1629711,256332008,6.7%,N/M
Sunrise Boulevard PE Partners L.P.,2021,500000000,373234336,1971721,555941742,13.3%,1.5x
"TA Select Opportunities Fund II-A, L.P.",2021,50000000,49237232,1112232,52689654,2.8%,1.1x
"TA XIV-A, L.P.",2021,150000000,147196623,28696623,179974528,7.4%,1.2x
"TA XV-A, L.P.",2025,300000000,72000000,0,65820356,N/M,N/M
"Tailwind Capital Partners II, LP",2014,150000000,166309208,240730310,241810535,9.3%,1.5x
"Tailwind Capital Partners III, L.P.",2018,200000000,229970415,120287683,394034735,17.2%,1.7x
"TCC Opportunities, L.P.",2021,1475000000,829803554,62238617,1266751455,23.0%,1.5x
"TCP II Co-Invest B, L.P.",2015,50000000,58367891,97013504,97202560,10.3%,1.7x
"TCV X, L.P.",2019,156592057,131366092,114386012,384762983,22.7%,2.9x
"TCV XI, L.P.",2021,261229279,257507701,18031534,291031839,3.9%,1.1x
"The Rise Fund (A), L.P.",2018,75000000,83933522,52559124,124082230,9.5%,1.5x
"The Rise Fund III, L.P.",2023,100000000,86955305,9554970,113390522,22.9%,1.3x
"The Veritas Capital Fund IX, L.P.",2024,400000000,9032886,9055,9055,N/M,N/M
"The Veritas Capital Fund VIII, L.P.",2022,625000000,528529756,168666,688906892,12.0%,1.3x
"Thoma Bravo Europe Fund, L.P.",2025,114329097,36774777,0,45497833,N/M,N/M
"Thoma Bravo Fund XIV, L.P.",2021,600000000,716165305,230547269,874635068,6.1%,1.2x
"Thoma Bravo Fund XV, L.P.",2022,348293279,530756923,264570699,679496895,11.2%,1.3x
"Thoma Bravo Fund XVI, L.P.",2025,350000000,32948047,0,32135028,N/M,N/M
"Three Pillars Flex Opportunities Fund, LP",2023,1000000000,221515213,12422259,413966427,97.2%,1.9x
"Three Pillars Secondaries Fund, LP",2024,2000000000,804492627,92391651,1110367528,N/M,N/M
"Thrive Capital Partners IX Growth, L.P.",2024,365742209,225017404,0,383929795,N/M,N/M
"Thrive Capital Partners IX, L.P.",2025,104497791,47982672,0,85353832,N/M,N/M
"Thrive Capital Partners Opportunity Fund, L.P.",2024,179000000,137249181,0,243711526,N/M,N/M
"Thrive Capital Partners VIII Growth, L.P.",2023,300000000,298030091,47917176,655147766,55.7%,2.2x
"Tiger Global Private Investment Partners XV, L.P.",2022,300000000,292500000,0,242529273,-5.2%,0.8x
"Timber Coast Private Opportunities, L.P.",2023,300000000,70300678,0,89020562,11.3%,1.3x
"Top Castle Sidecar VII, L.P.",2020,500000000,148214448,55175958,252835483,21.9%,1.7x
"TowerBrook Investors IV (Onshore), L.P.",2013,380000000,318301873,555755593,656872150,16.8%,2.1x
Towerbrook Investors V (Onshore) LP,2019,400000000,439933913,114433296,719027978,14.7%,1.6x
"Towerbrook Investors VI (Onshore), L.P.",2024,100000000,52648252,90072,63717708,N/M,N/M
"Towerbrook Structured Opportunities Fund (Onshore), L.P.",2016,221786667,309639119,256298463,385257903,6.5%,1.2x
Towerbrook Structured Opportunities Fund II (Onshore) LP,2019,250000000,244182316,167104103,345234177,13.7%,1.4x
"TPG Asia V, L.P.",2007,360000000,350599460,488924451,502212921,6.3%,1.4x
"TPG Asia VIII (A), L.P.",2024,250000000,109999695,9412192,137417485,N/M,N/M
"TPG Biotechnology Partners III, L.P.",2008,100000000,100076482,212285844,217344669,11.0%,2.2x
"TPG Golden Bear Partners, L.P.",2019,500000000,489702653,232429854,851530159,14.0%,1.7x
"TPG GP Solutions (A), L.P.",2024,100000000,51844570,9006879,70746680,N/M,N/M
"TPG Growth IV, L.P.",2018,75000000,85009299,84908887,142465310,13.6%,1.7x
"TPG Growth V, L.P.",2021,200000000,206111408,82296273,291130305,11.7%,1.4x
"TPG Growth VI, L.P.",2024,200000000,73105219,1697406,83501298,N/M,N/M
"TPG Healthcare Partners, L.P.",2019,100000000,99531465,27862432,137715784,11.0%,1.4x
"TPG Life Sciences Innovations, L.P.",2024,75000000,37358165,3887995,29123223,N/M,N/M
"TPG NEXT (A), L.P.",2025,500000000,30220513,2255097,17115046,N/M,N/M
"TPG Partners IV, L.P.",2003,200000000,225811661,428892245,429341115,15.3%,N/M
"TPG PARTNERS IX, L.P.",2023,300000000,254797478,29470173,325945577,22.9%,1.3x
"TPG Partners V, L.P.",2006,600000000,811329685,1007256750,1007256750,3.7%,1.2x
"TPG Partners VIII, L.P.",2019,150000000,389603837,354339436,529269308,18.1%,1.4x
"TPG STAR, L.P.",2007,150000000,171879025,219699233,219842878,6.2%,1.3x
"TPG Tech Adjacencies II, L.P.",2023,200000000,159619773,32608569,212937108,17.1%,1.3x
"Triangle Investment Opportunities II, L.P.",2024,1000000000,407573353,0,772198629,N/M,N/M
"Triangle Investment Opportunities, L.P.",2023,1000000000,971756603,71440726,2889527494,65.3%,3.0x
"Trident VIII, L.P.",2020,325954336,405953635,265000517,631216413,11.4%,1.6x
Triton Fund 6 SCSp,2025,176082432,19707057,13643256,34895945,N/M,N/M
Triton Fund IV L.P.,2013,90797923,109017487,138131266,187788857,11.7%,1.7x
"Triton Fund V, LP",2019,282569357,273484225,178863472,488513993,17.7%,1.8x
Valor Atreides AI I L.P.,2025,100000000,20000000,0,31773424,N/M,N/M
Valor Equity Partners IV L.P.,2017,75000000,74484349,16149150,358192278,25.9%,4.8x
Valor Equity Partners VI L.P.,2023,300000000,256380302,64595,563909452,56.1%,2.2x
Verdane Edda III (D1) AB,2024,114494392,40058287,15556657,51728117,N/M,N/M
Verdane Idun II (D1) AB,2025,58724620,1993927,0,1155167,N/M,N/M
"Vicente Capital Partners Growth Equity Fund, L.P.",2007,40422297,40801085,56560761,56947617,5.7%,1.4x
VIP IV LP,2020,304354535,286347864,25359530,417066986,12.0%,1.5x
VIP V S.C.Sp.,2023,347147372,123050887,1890592,146257765,19.2%,1.2x
"Vista Equity Partners Fund VII-Z, L.P.",2019,400000000,412179662,52279871,499989074,4.4%,1.2x
"WCAS XIII, L.P.",2019,400000000,405241237,268542366,692007647,15.5%,1.7x
"WCAS XIV, L.P.",2022,400000000,219322859,8447985,248669722,7.5%,1.1x
"Welsh, Carson, Anderson & Stowe XI, L.P.",2009,125000000,125000000,207848251,207848251,11.5%,1.7x
"Welsh, Carson, Anderson & Stowe XII, L.P.",2015,350000000,350162050,723731408,891904466,25.1%,2.5x
Whitney Global Partners II L.P.,2024,572687798,374097869,0,438052037,N/M,N/M
Whitney Global Partners L.P.,2021,809720597,757661907,34240305,879858561,5.2%,1.2x
Wigeavenmore Co-Investment LP,2024,296216315,191698040,0,260064258,N/M,N/M
Wigmore Street (BDC III) LP,2017,32832874,30733886,87427509,104990566,34.4%,3.4x
Wigmore Street BDC IV Co-Investment No.1 LP,2021,50294305,50294305,0,58663923,6.6%,1.2x
Wigmore Street Co-investment No. 1 LP,2016,99874055,96429806,159363280,199851926,20.7%,2.1x
Wigmore Street VI Co-Investment No. 1 LP,2019,99099822,97548164,99051891,202466591,16.7%,2.1x
"Windy Oaks Opportunities, L.P.",2025,100000000,3000000,0,2935187,N/M,N/M
"Yucaipa American Alliance Fund II, L.P.",2008,349449452,560662831,650649632,960023063,7.5%,1.7x
"Yucaipa Corporate Initiatives Fund II, L.P.",2008,93539524,91400621,81687571,82779629,-1.3%,0.9x
